<?xml version="1.0" encoding="ISO-8859-1" ?>
<device>
  <name>TOPLEVEL</name>
  <version>1.0</version>
  <description>CMSIS description for TOPLEVEL.  Created by Actel SmartDesign on Sun Jan 20 16:23:46 2013</description>
  <addressUnitBits>8</addressUnitBits>
  <width>32</width>
  <peripherals>
    <peripheral>
      <name>simple_layer_controller_0</name>
      <baseAddress>0x40060000</baseAddress>
    </peripheral>
    <peripheral>
      <name>simple_layer_controller2_0</name>
      <baseAddress>0x40070000</baseAddress>
    </peripheral>
    <peripheral>
      <name>simple_layer_controller3_0</name>
      <baseAddress>0x40080000</baseAddress>
    </peripheral>
  </peripherals>
</device>
