<?xml version="1.0" encoding="ISO-8859-1" ?>
<device>
  <name>TOPLEVEL</name>
  <version>1.0</version>
  <description>CMSIS description for TOPLEVEL.  Created by Actel SmartDesign on Wed Jan 09 12:09:24 2013</description>
  <addressUnitBits>8</addressUnitBits>
  <width>32</width>
  <peripherals>
    <peripheral>
      <name>ahb_int2_0</name>
      <baseAddress>0x40060000</baseAddress>
    </peripheral>
    <peripheral>
      <name>ahb_int_0</name>
      <baseAddress>0x40070000</baseAddress>
    </peripheral>
    <peripheral>
      <name>ahb_int3_0</name>
      <baseAddress>0x40080000</baseAddress>
    </peripheral>
  </peripherals>
</device>
